{"count":1,"self":59.4867904,"total":60.473858099999994,"children":{"InitializeActuators":{"count":1,"self":0.0019951,"total":0.0019951,"children":null},"InitializeSensors":{"count":1,"self":0.0019955999999999997,"total":0.0019955999999999997,"children":null},"AgentSendState":{"count":2766,"self":0.0774648,"total":0.095249,"children":{"CollectObservations":{"count":554,"self":0.0058154,"total":0.0058154,"children":null},"WriteActionMask":{"count":554,"self":0.00099739999999999985,"total":0.00099739999999999985,"children":null},"RequestDecision":{"count":554,"self":0.0109714,"total":0.0109714,"children":null}}},"DecideAction":{"count":2766,"self":0.87586619999999993,"total":0.8768648,"children":{"RayPerceptionSensor.Perceive":{"count":554,"self":0.00099859999999999988,"total":0.00099859999999999988,"children":null}}},"AgentAct":{"count":2766,"self":0.0099683999999999988,"total":0.0099683999999999988,"children":null}},"gauges":{"Barrier.CumulativeReward":{"count":3,"max":-15.1100216,"min":-18.230093,"runningAverage":-16.9467316,"value":-18.230093,"weightedAverage":-17.2344456}},"metadata":{"timer_format_version":"0.1.0","start_time_seconds":"1650937114","unity_version":"2020.3.0f1","command_line_arguments":"C:\\Program Files\\Unity\\Hub\\Editor\\2020.3.0f1\\Editor\\Unity.exe -projectpath D:\\Diretorios\\Documentos\\Pessoais\\RocketDRL -useHub -hubIPC -cloudEnvironment production -licensingIpc LicenseClient-hyuan -hubSessionId de8fbfb0-c4ff-11ec-8ba4-534d877c8a0d","communication_protocol_version":"1.5.0","com.unity.ml-agents_version":"2.1.0-exp.1","scene_name":"BarrierScene","end_time_seconds":"1650937174"}}