{"count":1,"self":86.0469504,"total":87.093059599999989,"children":{"InitializeActuators":{"count":2,"self":0.0019974999999999997,"total":0.0019974999999999997,"children":null},"InitializeSensors":{"count":2,"self":0.0029920999999999997,"total":0.0029920999999999997,"children":null},"AgentSendState":{"count":4097,"self":0.2407551,"total":0.2617077,"children":{"CollectObservations":{"count":1640,"self":0.0060161999999999993,"total":0.0060161999999999993,"children":null},"WriteActionMask":{"count":1640,"self":0.0019673,"total":0.0019673,"children":null},"RequestDecision":{"count":1640,"self":0.012969099999999999,"total":0.012969099999999999,"children":null}}},"DecideAction":{"count":4097,"self":0.76347729999999991,"total":0.76645469999999993,"children":{"RayPerceptionSensor.Perceive":{"count":1640,"self":0.0029774,"total":0.0029774,"children":null}}},"AgentAct":{"count":4097,"self":0.0119581,"total":0.0119581,"children":null}},"gauges":{"Penalty.CumulativeReward":{"count":18,"max":9.030001,"min":-11.2799988,"runningAverage":-3.77225256,"value":-7.500077,"weightedAverage":-5.061353}},"metadata":{"timer_format_version":"0.1.0","start_time_seconds":"1638927797","unity_version":"2020.3.0f1","command_line_arguments":"C:\\Program Files\\Unity\\Hub\\Editor\\2020.3.0f1\\Editor\\Unity.exe -projectpath C:\\Users\\hyuan\\Documents\\Pessoais\\RocketDRL -useHub -hubIPC -cloudEnvironment production -licensingIpc LicenseClient-hyuan -hubSessionId 56a10f10-5762-11ec-83ba-79bf6d9df279 -accessToken SLpjiIK1ucb-xiLjok7G8hHc_lcCwzFcuxS0qBaPx8E004f","communication_protocol_version":"1.5.0","com.unity.ml-agents_version":"2.1.0-exp.1","scene_name":"PenaltySceneCompetitive","end_time_seconds":"1638927884"}}